videoid,videoname,channelid,channelname,views,comments,likes,dislikes,adtype,advertiser,adfullurl,datecollected,dateuploaded,uploadts,testid,dataset
4LmHhgr7TGk,,,,,,,,,,,1632286751,,,20210922045901,cur
KDKV-ZpB3t0,,,,,,,,,,,1632286767,,,20210922045901,cur
-w5zdF0VDeY,,,,,,,,,,,1632286770,,,20210922045901,cur
FmCO12_Kcts,,,,,,,,,,,1632286774,,,20210922045901,cur
D8gJIIsCy9c,,,,,,,,,,,1632286777,,,20210922045901,cur
0eRzeJeWtP8,,,,,,,,,,,1632286796,,,20210922045901,cur
42oas0oQll4,,,,,,,,,,,1632286799,,,20210922045901,cur
D_hp8t7kdpw,,,,,,,,,,,1632286803,,,20210922045901,cur
26ffo6WRu4E,,,,,,,,,,,1632286870,,,20210922045901,cur
3Q7qhpqXFUQ,,,,,,,,,,,1632286873,,,20210922045901,cur
29ATE2HJhec,,,,,,,,,,,1632286890,,,20210922045901,cur
20gEfxo6ZUU,,,,,,,,,,,1632286893,,,20210922045901,cur
0AqghgFq4Wc,,,,,,,,,,,1632286897,,,20210922045901,cur
vxBlC1DazoY,,,,,,,,,,,1632286951,,,20210922045901,cur
aVmdQTEl448,,,,,,,,,,,1632286982,,,20210922045901,cur
ipQLHEXIYQU,,,,,,,,,,,1632286986,,,20210922045901,cur
HpaPE2Lkw-E,,,,,,,,,,,1632287019,,,20210922045901,cur
o8AGGt8ok1Y,,,,,,,,,,,1632287022,,,20210922045901,cur
9ZkYVc9N-8E,,,,,,,,,,,1632287032,,,20210922045901,cur
v71vFT63mTE,,,,,,,,,,,1632287063,,,20210922045901,cur
1YDxuwfzFWY,,,,,,,,,,,1632287078,,,20210922045901,cur
HvP-0ug26gk,,,,,,,,,,,1632287107,,,20210922045901,cur
UvlFzi3WM2s,,,,,,,,,,,1632287123,,,20210922045901,cur
-S8HXB9XAzE,,,,,,,,,,,1632287152,,,20210922045901,cur
0-sEQ2bDbiQ,,,,,,,,,,,1632287168,,,20210922045901,cur
0bwb0qp8RMI,,,,,,,,,,,1632287197,,,20210922045901,cur
2qF4AqCwQyE,,,,,,,,,,,1632287213,,,20210922045901,cur
Fi2SqDyosDE,,,,,,,,,,,1632287229,,,20210922045901,cur
RfE1Ob_Q_Ak,,,,,,,,,,,1632287232,,,20210922045901,cur
lDgbKLGtp6s,,,,,,,,,,,1632287236,,,20210922045901,cur
4CwxYJYSYRg,,,,,,,,,,,1632287253,,,20210922045901,cur
Dwt76ejibcE,,,,,,,,,,,1632287271,,,20210922045901,cur
7Gz7o20p7rI,,,,,,,,,,,1632287287,,,20210922045901,cur
3LzyOY4ovHg,,,,,,,,,,,1632287316,,,20210922045901,cur
ctm8-z7bCXQ,,,,,,,,,,,1632287319,,,20210922045901,cur
GRhzcUEyCw8,,,,,,,,,,,1632287323,,,20210922045901,cur
-Kzrf-vjePI,,,,,,,,,,,1632287339,,,20210922045901,cur
7zEEtkZ3_DA,,,,,,,,,,,1632287342,,,20210922045901,cur
ipxdbdXaM50,,,,,,,,,,,1632287359,,,20210922045901,cur
fSEgDVI43-s,,,,,,,,,,,1632287379,,,20210922045901,cur
kELXLZQB3Ig,,,,,,,,,,,1632287383,,,20210922045901,cur
nCtTfdpyxjU,,,,,,,,,,,1632287386,,,20210922045901,cur
50mGPhuNUWM,,,,,,,,,,,1632287415,,,20210922045901,cur
-eEm-JTqf5o,,,,,,,,,,,1632287458,,,20210922045901,cur
eyOP8PTSMSI,,,,,,,,,,,1632287474,,,20210922045901,cur
05-nCu-uGQY,,,,,,,,,,,1632287478,,,20210922045901,cur
atRAzilSjYU,,,,,,,,,,,1632287495,,,20210922045901,cur
03kFoSDmwGg,,,,,,,,,,,1632287510,,,20210922045901,cur
Q2vOLCMFUuU,,,,,,,,,,,1632287527,,,20210922045901,cur
aNRskqJ7US4,,,,,,,,,,,1632287530,,,20210922045901,cur
684omnPn5LI,,,,,,,,,,,1632287533,,,20210922045901,cur
6ZiqzhyRUag,,,,,,,,,,,1632287583,,,20210922045901,cur
1eF2Kq6rMWM,,,,,,,,,,,1632287599,,,20210922045901,cur
3-Re-tKqu9E,,,,,,,,,,,1632287602,,,20210922045901,cur
DbFLc8ZvMjM,,,,,,,,,,,1632287606,,,20210922045901,cur
JH2BQrM7rDs,,,,,,,,,,,1632287638,,,20210922045901,cur
2bkyovdYv8g,,,,,,,,,,,1632287653,,,20210922045901,cur
EZpSTsjjqYo,,,,,,,,,,,1632287656,,,20210922045901,cur
wPtszyqESOo,,,,,,,,,,,1632287660,,,20210922045901,cur
8CCB9t4zKGc,,,,,,,,,,,1632287663,,,20210922045901,cur
Ot4Zcr2aDL8,,,,,,,,,,,1632287667,,,20210922045901,cur
B2mlKCn1yeY,,,,,,,,,,,1632287671,,,20210922045901,cur
U7muK3XDYBI,,,,,,,,,,,1632287687,,,20210922045901,cur
0E8UqGaDhog,,,,,,,,,,,1632287690,,,20210922045901,cur
qYSAZia_eh4,,,,,,,,,,,1632287693,,,20210922045901,cur
Gc8GtV7bNGA,,,,,,,,,,,1632287710,,,20210922045901,cur
6fdQ5JRmV9Q,,,,,,,,,,,1632287713,,,20210922045901,cur
-5xaoCaBo5Q,,,,,,,,,,,1632287731,,,20210922045901,cur
4SVc34jb_cg,,,,,,,,,,,1632287760,,,20210922045901,cur
kX7RVMPTbEI,,,,,,,,,,,1632287802,,,20210922045901,cur
tmlpmuout94,,,,,,,,,,,1632287897,,,20210922045901,cur
0VnCcuOqyeA,,,,,,,,,,,1632287900,,,20210922045901,cur
DDVWSp-Bk3I,,,,,,,,,,,1632287904,,,20210922045901,cur
1cp4ZjaibMw,,,,,,,,,,,1632287946,,,20210922045901,cur
CT0VAdAW03A,,,,,,,,,,,1632287949,,,20210922045901,cur
8EBMiV1Qr04,,,,,,,,,,,1632287990,,,20210922045901,cur
uccN9-h9nPY,,,,,,,,,,,1632287993,,,20210922045901,cur
a2FMUgEWx5w,,,,,,,,,,,1632288083,,,20210922045901,cur
AulRHL76vgU,,,,,,,,,,,1632288086,,,20210922045901,cur
7PXWVf_Ueu8,,,,,,,,,,,1632288090,,,20210922045901,cur
gqoSwTn8XJw,,,,,,,,,,,1632288094,,,20210922045901,cur
3NeMGY9CRzw,,,,,,,,,,,1632288097,,,20210922045901,cur
2DHysCMCDkI,,,,,,,,,,,1632288101,,,20210922045901,cur
BohNowRtf4E,,,,,,,,,,,1632288118,,,20210922045901,cur
fSzExGmlY9k,,,,,,,,,,,1632288134,,,20210922045901,cur
ItFOugXN2vg,,,,,,,,,,,1632288137,,,20210922045901,cur
4vHVnFfvb8o,,,,,,,,,,,1632288140,,,20210922045901,cur
APXzuQmRVO0,,,,,,,,,,,1632288157,,,20210922045901,cur
LOM2n6VnnSs,,,,,,,,,,,1632288188,,,20210922045901,cur
5rap9naCif8,,,,,,,,,,,1632288191,,,20210922045901,cur
BQOqhu1Ypf8,,,,,,,,,,,1632288194,,,20210922045901,cur
nX3F1zBk_Ts,,,,,,,,,,,1632288211,,,20210922045901,cur
3bqzbTtBqv4,,,,,,,,,,,1632288214,,,20210922045901,cur
Fz3dU3MqIfM,,,,,,,,,,,1632288217,,,20210922045901,cur
LLs-eHJvqGk,,,,,,,,,,,1632288220,,,20210922045901,cur
-0rCHvfAPjs,,,,,,,,,,,1632288279,,,20210922045901,cur
1pDANHuElZg,,,,,,,,,,,1632288282,,,20210922045901,cur
M4DrNQZu2xA,,,,,,,,,,,1632288285,,,20210922045901,cur
kx3Wj4CK_sQ,,,,,,,,,,,1632288302,,,20210922045901,cur
bOeuIMxz7n4,,,,,,,,,,,1632288318,,,20210922045901,cur
-6EZ-GDI4Lo,,,,,,,,,,,1632288334,,,20210922045901,cur
FFHQi-EXtLM,,,,,,,,,,,1632288337,,,20210922045901,cur
xfvN4KvSUoY,,,,,,,,,,,1632288341,,,20210922045901,cur
fG-XHKmODEE,,,,,,,,,,,1632288357,,,20210922045901,cur
nSvx7Ck3PYo,,,,,,,,,,,1632288360,,,20210922045901,cur
ZdTsmQonoRk,,,,,,,,,,,1632288364,,,20210922045901,cur
-_mbHz0U9yg,,,,,,,,,,,1632288401,,,20210922045901,cur
nVhGjGAxF-4,,,,,,,,,,,1632288404,,,20210922045901,cur
8J7ZfZY4kVg,,,,,,,,,,,1632288428,,,20210922045901,cur
aWw3akDsAH4,,,,,,,,,,,1632288431,,,20210922045901,cur
bUk2r1v5kBo,,,,,,,,,,,1632288487,,,20210922045901,cur
0XMXEy81IBw,,,,,,,,,,,1632288490,,,20210922045901,cur
j9jHdtONL48,,,,,,,,,,,1632288494,,,20210922045901,cur
48ZhqesCm4c,,,,,,,,,,,1632288522,,,20210922045901,cur
1JHGow0XQrQ,,,,,,,,,,,1632288526,,,20210922045901,cur
_Fugbf36j7A,,,,,,,,,,,1632288571,,,20210922045901,cur
94lvVyqyvPw,,,,,,,,,,,1632288587,,,20210922045901,cur
Bg1JBwUaAS8,,,,,,,,,,,1632288590,,,20210922045901,cur
KyjnrkLHQOI,,,,,,,,,,,1632288594,,,20210922045901,cur
AYSHZwsSeEI,,,,,,,,,,,1632288661,,,20210922045901,cur
03LqPRL3RXA,,,,,,,,,,,1632288664,,,20210922045901,cur
eUaBXVk4C9o,,,,,,,,,,,1632288693,,,20210922045901,cur
ODOpyKd0jYM,,,,,,,,,,,1632288721,,,20210922045901,cur
1j4HSh7ajx0,,,,,,,,,,,1632288802,,,20210922045901,cur
7LJ6WMpO3iM,,,,,,,,,,,1632288805,,,20210922045901,cur
EHJuvrOkims,,,,,,,,,,,1632288809,,,20210922045901,cur
3xZQIXmv5C4,,,,,,,,,,,1632290371,,,20210922055901,cur
5cH3aLHmbQw,,,,,,,,,,,1632290387,,,20210922055901,cur
XmDJXTJbiw0,,,,,,,,,,,1632290390,,,20210922055901,cur
1HV8MG0d-LE,,,,,,,,,,,1632290444,,,20210922055901,cur
CPKmzWI0PrM,,,,,,,,,,,1632290447,,,20210922055901,cur
3Mt1A_wv5Oc,,,,,,,,,,,1632290451,,,20210922055901,cur
0e1Py7a2Q10,,,,,,,,,,,1632290454,,,20210922055901,cur
7yye7c6Tc58,,,,,,,,,,,1632290471,,,20210922055901,cur
-JycQjv1n7Q,,,,,,,,,,,1632290474,,,20210922055901,cur
1SaPg8bc9xE,,,,,,,,,,,1632290494,,,20210922055901,cur
CakswP4c0ps,,,,,,,,,,,1632290497,,,20210922055901,cur
1BKBehvys4c,,,,,,,,,,,1632290539,,,20210922055901,cur
8CcO6BXnSEU,,,,,,,,,,,1632290556,,,20210922055901,cur
JebJv-YH1zI,,,,,,,,,,,1632290571,,,20210922055901,cur
uY-fWCTc56I,,,,,,,,,,,1632290614,,,20210922055901,cur
e_Ez9NQ5zW8,,,,,,,,,,,1632308351,,,20210922105901,cur
0b5Apj7OtTs,,,,,,,,,,,1632308367,,,20210922105901,cur
19d4VyLudFc,,,,,,,,,,,1632308383,,,20210922105901,cur
2kTaucB0KTE,,,,,,,,,,,1632308441,,,20210922105901,cur
-_NAShMNCzY,,,,,,,,,,,1632308457,,,20210922105901,cur
Vx8TpLeWqAo,,,,,,,,,,,1632308460,,,20210922105901,cur
1-oE7n0-3qA,,,,,,,,,,,1632308503,,,20210922105901,cur
OlC7NHgzULU,,,,,,,,,,,1632308506,,,20210922105901,cur
2aRi4kvAmI0,,,,,,,,,,,1632308522,,,20210922105901,cur
4dj_RAKAPRI,,,,,,,,,,,1632308526,,,20210922105901,cur
E5Q0SLGLPc0,,,,,,,,,,,1632308542,,,20210922105901,cur
A_M_TuPM6CQ,,,,,,,,,,,1632308545,,,20210922105901,cur
6afVlVEnyhM,,,,,,,,,,,1632308549,,,20210922105901,cur
Btuu8jEAGUQ,,,,,,,,,,,1632308629,,,20210922105901,cur
6odzQCu8PSo,,,,,,,,,,,1632308632,,,20210922105901,cur
ckcoomH47qk,,,,,,,,,,,1632308636,,,20210922105901,cur
cszlsGiD1-E,,,,,,,,,,,1632308655,,,20210922105901,cur
1hdCcv_H3c4,,,,,,,,,,,1632308658,,,20210922105901,cur
5m9xTyowa5Q,,,,,,,,,,,1632308662,,,20210922105901,cur
Am89xV1ROQo,,,,,,,,,,,1632308708,,,20210922105901,cur
6oUKNGht-rQ,,,,,,,,,,,1632308724,,,20210922105901,cur
2mbqJDr8zlQ,,,,,,,,,,,1632308727,,,20210922105901,cur
KrRyjXI9cC0,,,,,,,,,,,1632308730,,,20210922105901,cur
ODOpyKd0jYM,,,,,,,,,,,1632308775,,,20210922105901,cur
3e3g2jhGfhA,,,,,,,,,,,1632308778,,,20210922105901,cur
IwRELm9iud4,,,,,,,,,,,1632308823,,,20210922105901,cur
bjKBC0Pl46M,,,,,,,,,,,1632308840,,,20210922105901,cur
129Xt8xUSyI,,,,,,,,,,,1632308856,,,20210922105901,cur
hllzTAI2o8A,,,,,,,,,,,1632308884,,,20210922105901,cur
94lvVyqyvPw,,,,,,,,,,,1632308901,,,20210922105901,cur
btAYzE8oO9o,,,,,,,,,,,1632308904,,,20210922105901,cur
5IUzAtS2Usk,,,,,,,,,,,1632308955,,,20210922105901,cur
2z8tSNpkh6U,,,,,,,,,,,1632308958,,,20210922105901,cur
-CXkDoQGDuE,,,,,,,,,,,1632309012,,,20210922105901,cur
6K50_RRpmKc,,,,,,,,,,,1632309015,,,20210922105901,cur
DF5_QtvbWr0,,,,,,,,,,,1632309104,,,20210922105901,cur
VdoGPEUV4pQ,,,,,,,,,,,1632309107,,,20210922105901,cur
E5kd4BxkK4A,,,,,,,,,,,1632309110,,,20210922105901,cur
6IovWPu2w44,,,,,,,,,,,1632309114,,,20210922105901,cur
1IV1m4JnsRI,,,,,,,,,,,1632309117,,,20210922105901,cur
ip3u0AkFwOA,,,,,,,,,,,1632309121,,,20210922105901,cur
1l-GXu0oQ28,,,,,,,,,,,1632309149,,,20210922105901,cur
1w9OHIYjycg,,,,,,,,,,,1632309166,,,20210922105901,cur
d9n0YBlTnuE,,,,,,,,,,,1632309209,,,20210922105901,cur
2Gdfr8rSMho,,,,,,,,,,,1632309251,,,20210922105901,cur
EdHAZoTt_PM,,,,,,,,,,,1632309255,,,20210922105901,cur
-FjqbSMXW6Q,,,,,,,,,,,1632309271,,,20210922105901,cur
l92AfKzJTgw,,,,,,,,,,,1632309300,,,20210922105901,cur
3gJ33GxG4sk,,,,,,,,,,,1632309303,,,20210922105901,cur
lruJL_SWweg,,,,,,,,,,,1632309334,,,20210922105901,cur
alowAEaNWOc,,,,,,,,,,,1632309337,,,20210922105901,cur
K0gos2mEDoM,,,,,,,,,,,1632309354,,,20210922105901,cur
82XXjJPJncg,,,,,,,,,,,1632309357,,,20210922105901,cur
M1GfvI3X4Qk,,,,,,,,,,,1632309456,,,20210922105901,cur
4EDGJpKeopI,,,,,,,,,,,1632309497,,,20210922105901,cur
dfHusbOBVhs,,,,,,,,,,,1632309500,,,20210922105901,cur
3fj5_opZG50,,,,,,,,,,,1632309504,,,20210922105901,cur
NtBYv9kcPxQ,,,,,,,,,,,1632309520,,,20210922105901,cur
Tm5_0LR4OKw,,,,,,,,,,,1632309523,,,20210922105901,cur
lVdzePjnFAE,,,,,,,,,,,1632309527,,,20210922105901,cur
bEknbNMuoDw,,,,,,,,,,,1632309618,,,20210922105901,cur
Xlo29kuocTs,,,,,,,,,,,1632309648,,,20210922105901,cur
CRToxALeWcM,,,,,,,,,,,1632309651,,,20210922105901,cur
0GjMorUh5sI,,,,,,,,,,,1632309655,,,20210922105901,cur
a6Z9fLWC_sE,,,,,,,,,,,1632309658,,,20210922105901,cur
LEapMhCFrSc,,,,,,,,,,,1632309688,,,20210922105901,cur
1TL62yy_8s8,,,,,,,,,,,1632309691,,,20210922105901,cur
sh05bng8wts,,,,,,,,,,,1632309749,,,20210922105901,cur
sMn0NnQH5AA,,,,,,,,,,,1632309778,,,20210922105901,cur
6SUKE_9Bg6M,,,,,,,,,,,1632309794,,,20210922105901,cur
6Sr2keX-4IE,,,,,,,,,,,1632309797,,,20210922105901,cur
1hEx1WwftPg,,,,,,,,,,,1632309893,,,20210922105901,cur
78OnfjQdv60,,,,,,,,,,,1632309923,,,20210922105901,cur
8gn0siM6RoA,,,,,,,,,,,1632309965,,,20210922105901,cur
F6awI-vBd4E,,,,,,,,,,,1632310045,,,20210922105901,cur
ARLFkByf-RY,,,,,,,,,,,1632310048,,,20210922105901,cur
4gqr2bzJjds,,,,,,,,,,,1632310140,,,20210922105901,cur
eTD51TdDXSo,,,,,,,,,,,1632310143,,,20210922105901,cur
DHKJmnmYplI,,,,,,,,,,,1632310147,,,20210922105901,cur
h8IqoAfw2Vc,,,,,,,,,,,1632310164,,,20210922105901,cur
lTJOJMcQDW8,,,,,,,,,,,1632310180,,,20210922105901,cur
0BO17-9Bmx8,,,,,,,,,,,1632310212,,,20210922105901,cur
844tw7Y1VoM,,,,,,,,,,,1632310215,,,20210922105901,cur
tbm78IbN430,,,,,,,,,,,1632310219,,,20210922105901,cur
8lh-HGcXE1Q,,,,,,,,,,,1632310222,,,20210922105901,cur
iVhyVJg18MM,,,,,,,,,,,1632310245,,,20210922105901,cur
bA6VGQkVms4,,,,,,,,,,,1632310277,,,20210922105901,cur
YKwz9QGxlkE,,,,,,,,,,,1632310323,,,20210922105901,cur
Jund-nbhV2E,,,,,,,,,,,1632310326,,,20210922105901,cur
dS4d7nWd7Xc,,,,,,,,,,,1632310343,,,20210922105901,cur
lPhnn8w1XhA,,,,,,,,,,,1632310371,,,20210922105901,cur
6MhhPSBMmX8,,,,,,,,,,,1632310380,,,20210922105901,cur
wuGdVhqaGKM,,,,,,,,,,,1632310396,,,20210922105901,cur
9wQ1UznICGI,,,,,,,,,,,1632310412,,,20210922105901,cur
OX6ThIk9Dzk,,,,,,,,,,,1632310440,,,20210922105901,cur
-qKVoS-_y9c,,,,,,,,,,,1632310472,,,20210922105901,cur
-0iB6Ju63pU,,,,,,,,,,,1632310475,,,20210922105901,cur
UUsRy-i01Bs,,,,,,,,,,,1632310505,,,20210922105901,cur
6A1Y8EBVP0g,,,,,,,,,,,1632310521,,,20210922105901,cur
asmj8baqOVU,,,,,,,,,,,1632310552,,,20210922105901,cur
2-0pUh1tcLI,,,,,,,,,,,1632310555,,,20210922105901,cur
1HSFo4VYLIY,,,,,,,,,,,1632310584,,,20210922105901,cur
WswpLl3CFy4,,,,,,,,,,,1632311953,,,20210922115901,cur
8yu_4XZyYL4,,,,,,,,,,,1632311956,,,20210922115901,cur
22DZK4BX13s,,,,,,,,,,,1632311959,,,20210922115901,cur
2MGXePjIzXE,,,,,,,,,,,1632311963,,,20210922115901,cur
2V2LryLph-4,,,,,,,,,,,1632311966,,,20210922115901,cur
2e1xfPnt-w4,,,,,,,,,,,1632311995,,,20210922115901,cur
08qmJaVBNWA,,,,,,,,,,,1632312024,,,20210922115901,cur
b7SiNcKUHzQ,,,,,,,,,,,1632312063,,,20210922115901,cur
-zoHiCmkOoQ,,,,,,,,,,,1632312095,,,20210922115901,cur
OAtSJBypiZ8,,,,,,,,,,,1632312124,,,20210922115901,cur
Q8iblmaW2TI,,,,,,,,,,,1632312127,,,20210922115901,cur
7wp6M1DLjJ4,,,,,,,,,,,1632312131,,,20210922115901,cur
aKGw77Db4-s,,,,,,,,,,,1632312134,,,20210922115901,cur
bwZl_dvDuKQ,,,,,,,,,,,1632312147,,,20210922115901,cur
8EAhTWzy6Iw,,,,,,,,,,,1632312164,,,20210922115901,cur
3K5u_gwLPic,,,,,,,,,,,1632312196,,,20210922115901,cur
6hhm_x-6Tjg,,,,,,,,,,,1632312199,,,20210922115901,cur
zQHHuGfCX3o,,,,,,,,,,,1632312203,,,20210922115901,cur
agDcyE5F3-s,,,,,,,,,,,1632312206,,,20210922115901,cur
dRveDH-cvH4,,,,,,,,,,,1632312210,,,20210922115901,cur
CLqM50dOkCI,,,,,,,,,,,1632312228,,,20210922115901,cur
52v-ueam-jo,,,,,,,,,,,1632312259,,,20210922115901,cur
Ettn0bEmXQ8,,,,,,,,,,,1632333627,,,20210922175901,cur
AhRNQ7IzfZo,,,,,,,,,,,1632333631,,,20210922175901,cur
22OMG5RxR_Q,,,,,,,,,,,1632333634,,,20210922175901,cur
cBoTwYNFDjA,,,,,,,,,,,1632333651,,,20210922175901,cur
bVlDVlzlVao,,,,,,,,,,,1632333756,,,20210922175901,cur
5j33jOcfFXY,,,,,,,,,,,1632333772,,,20210922175901,cur
on-Xa0CO0pg,,,,,,,,,,,1632333788,,,20210922175901,cur
jIgamgKmDmI,,,,,,,,,,,1632333806,,,20210922175901,cur
1fB8YNqsWSs,,,,,,,,,,,1632333822,,,20210922175901,cur
3DuGIJZHWDw,,,,,,,,,,,1632333838,,,20210922175901,cur
cKDgBKnO3dU,,,,,,,,,,,1632333860,,,20210922175901,cur
_XuwctePM9M,,,,,,,,,,,1632333877,,,20210922175901,cur
AlCx4-TG924,,,,,,,,,,,1632333909,,,20210922175901,cur
-C0uzOl7vuo,,,,,,,,,,,1632333939,,,20210922175901,cur
uWrT0wFzzXs,,,,,,,,,,,1632333955,,,20210922175901,cur
HgSmCAVuFpg,,,,,,,,,,,1632333958,,,20210922175901,cur
2HP7H_qwFec,,,,,,,,,,,1632334001,,,20210922175901,cur
-LwcW7B26I4,,,,,,,,,,,1632334004,,,20210922175901,cur
RGT-T7UY-Jw,,,,,,,,,,,1632334037,,,20210922175901,cur
Ai8VsigBwu4,,,,,,,,,,,1632334053,,,20210922175901,cur
jCm4URnexM0,,,,,,,,,,,1632334056,,,20210922175901,cur
h4TspCmCzAg,,,,,,,,,,,1632334060,,,20210922175901,cur
axkmc0bZMBg,,,,,,,,,,,1632334064,,,20210922175901,cur
bh2Ub8Cmexs,,,,,,,,,,,1632334081,,,20210922175901,cur
hULVf6lzm64,,,,,,,,,,,1632334084,,,20210922175901,cur
75Mijbxi-Gk,,,,,,,,,,,1632334088,,,20210922175901,cur
2-p_lBWsoBU,,,,,,,,,,,1632334092,,,20210922175901,cur
dI-3CTeOi0M,,,,,,,,,,,1632334109,,,20210922175901,cur
B-eFLhvHfzE,,,,,,,,,,,1632334126,,,20210922175901,cur
-quNY6O2414,,,,,,,,,,,1632334158,,,20210922175901,cur
5AsKykQaqxM,,,,,,,,,,,1632334189,,,20210922175901,cur
1uJTbdqX45U,,,,,,,,,,,1632334192,,,20210922175901,cur
E7XtKLReEpo,,,,,,,,,,,1632334196,,,20210922175901,cur
0HXhQ2s4YI4,,,,,,,,,,,1632334224,,,20210922175901,cur
8OmTOjynYAo,,,,,,,,,,,1632334240,,,20210922175901,cur
2qF4AqCwQyE,,,,,,,,,,,1632334243,,,20210922175901,cur
rt_nTs3CerM,,,,,,,,,,,1632334259,,,20210922175901,cur
AdLqyXcjOVc,,,,,,,,,,,1632334276,,,20210922175901,cur
1y5-vxigEpE,,,,,,,,,,,1632334279,,,20210922175901,cur
1ZKOyipYk5w,,,,,,,,,,,1632334307,,,20210922175901,cur
5KZ5au-MJo8,,,,,,,,,,,1632334323,,,20210922175901,cur
2e7HiK5bFDQ,,,,,,,,,,,1632334351,,,20210922175901,cur
HMKUFq9v6_o,,,,,,,,,,,1632334383,,,20210922175901,cur
-aBPoy9MZ2s,,,,,,,,,,,1632334400,,,20210922175901,cur
54pkkGDuc8Q,,,,,,,,,,,1632334403,,,20210922175901,cur
3BJbTsJ47-0,,,,,,,,,,,1632334406,,,20210922175901,cur
Kxjv31SEIiM,,,,,,,,,,,1632334438,,,20210922175901,cur
-iLt-m12oWY,,,,,,,,,,,1632334442,,,20210922175901,cur
1GD-39XwOq8,,,,,,,,,,,1632334445,,,20210922175901,cur
6Lto0BnsLBM,,,,,,,,,,,1632334449,,,20210922175901,cur
eSxWQr5sPog,,,,,,,,,,,1632334452,,,20210922175901,cur
04uu5FU2we8,,,,,,,,,,,1632334482,,,20210922175901,cur
xB2oyuePM78,,,,,,,,,,,1632334485,,,20210922175901,cur
2_-wjlbrToQ,,,,,,,,,,,1632334489,,,20210922175901,cur
ZvenQ-3hYos,,,,,,,,,,,1632334506,,,20210922175901,cur
3cb8DPt274U,,,,,,,,,,,1632334509,,,20210922175901,cur
4RW8gKHwD5o,,,,,,,,,,,1632334513,,,20210922175901,cur
YKRwnprnCWw,,,,,,,,,,,1632334516,,,20210922175901,cur
-mo1cHMpn_I,,,,,,,,,,,1632334520,,,20210922175901,cur
ApW8sNbOru8,,,,,,,,,,,1632334524,,,20210922175901,cur
9TfOfgTGeC8,,,,,,,,,,,1632334540,,,20210922175901,cur
-oui4-fmLk8,,,,,,,,,,,1632334556,,,20210922175901,cur
l5wJMhPtn6s,,,,,,,,,,,1632334585,,,20210922175901,cur
-27LGcnFrSI,,,,,,,,,,,1632334588,,,20210922175901,cur
m8UeUVi6eeo,,,,,,,,,,,1632334623,,,20210922175901,cur
4QDOles6kdk,,,,,,,,,,,1632334639,,,20210922175901,cur
27he2Mtfwik,,,,,,,,,,,1632334656,,,20210922175901,cur
uWu9AGJ4TgE,,,,,,,,,,,1632334672,,,20210922175901,cur
PUvBL80U-bo,,,,,,,,,,,1632334675,,,20210922175901,cur
dDVLEcK5L8M,,,,,,,,,,,1632334756,,,20210922175901,cur
4nGIKA3oPRc,,,,,,,,,,,1632334762,,,20210922175901,cur
6Wd7RO9fQwQ,,,,,,,,,,,1632334805,,,20210922175901,cur
jYRjTuAWR8c,,,,,,,,,,,1632334820,,,20210922175901,cur
BrW6dQO72J8,,,,,,,,,,,1632334823,,,20210922175901,cur
o78S4JTXhLQ,,,,,,,,,,,1632334841,,,20210922175901,cur
4oT9s2rn41c,,,,,,,,,,,1632334872,,,20210922175901,cur
ExfQY80Zm_w,,,,,,,,,,,1632334889,,,20210922175901,cur
M99Ux3YKou4,,,,,,,,,,,1632334892,,,20210922175901,cur
JZFABIcEQgM,,,,,,,,,,,1632334909,,,20210922175901,cur
JfHiNpGuU3M,,,,,,,,,,,1632334939,,,20210922175901,cur
b9nu0TQ_3Ow,,,,,,,,,,,1632334980,,,20210922175901,cur
TaMgeFJeJig,,,,,,,,,,,1632334996,,,20210922175901,cur
LcrlYJE-1JE,,,,,,,,,,,1632334999,,,20210922175901,cur
6oeXYF4vE3Y,,,,,,,,,,,1632335003,,,20210922175901,cur
5fKoGtGai84,,,,,,,,,,,1632335044,,,20210922175901,cur
dJqNQ0Nu_44,,,,,,,,,,,1632335048,,,20210922175901,cur
-_FpVyrhDIE,,,,,,,,,,,1632335064,,,20210922175901,cur
MgCJfzGa-4E,,,,,,,,,,,1632335107,,,20210922175901,cur
08WER9sImTY,,,,,,,,,,,1632335110,,,20210922175901,cur
3nzDueKookw,,,,,,,,,,,1632335114,,,20210922175901,cur
YicLoz_9s38,,,,,,,,,,,1632335117,,,20210922175901,cur
0Pm8kR9CS_Y,,,,,,,,,,,1632335135,,,20210922175901,cur
7Orz5M9c54w,,,,,,,,,,,1632335160,,,20210922175901,cur
0tEFV44DQ6E,,,,,,,,,,,1632335188,,,20210922175901,cur
2A5txSbuYr4,,,,,,,,,,,1632335230,,,20210922175901,cur
BNaB-6eauxY,,,,,,,,,,,1632335233,,,20210922175901,cur
C7bGyUe5zyU,,,,,,,,,,,1632335255,,,20210922175901,cur
XqDE2nPsiDY,,,,,,,,,,,1632335271,,,20210922175901,cur
8HCVDI_kf7M,,,,,,,,,,,1632335316,,,20210922175901,cur
4Wn8W2wZjZc,,,,,,,,,,,1632335346,,,20210922175901,cur
9ImuPejU6zA,,,,,,,,,,,1632335363,,,20210922175901,cur
2chkC-XQj_g,,,,,,,,,,,1632335378,,,20210922175901,cur
9M5xsXEHCek,,,,,,,,,,,1632335399,,,20210922175901,cur
9zQ14ZjDpFE,,,,,,,,,,,1632335402,,,20210922175901,cur
wt2U3mPIuRc,,,,,,,,,,,1632335406,,,20210922175901,cur
05oavsRy_uo,,,,,,,,,,,1632335451,,,20210922175901,cur
MSxheqWSass,,,,,,,,,,,1632335467,,,20210922175901,cur
9RiQzxwoZqk,,,,,,,,,,,1632335471,,,20210922175901,cur
ZQu4sA5nlRs,,,,,,,,,,,1632335513,,,20210922175901,cur
_gv4ktxByPA,,,,,,,,,,,1632335516,,,20210922175901,cur
Hc85FBrxxJQ,,,,,,,,,,,1632335533,,,20210922175901,cur
fCbLlDzsyXM,,,,,,,,,,,1632335562,,,20210922175901,cur
znd_QdYitbQ,,,,,,,,,,,1632335565,,,20210922175901,cur
CKllBe1Y9cg,,,,,,,,,,,1632335583,,,20210922175901,cur
e7vEl1BcWTM,,,,,,,,,,,1632335617,,,20210922175901,cur
kvh0wx6SjlI,,,,,,,,,,,1632335648,,,20210922175901,cur
Jh2tjM7UhbE,,,,,,,,,,,1632335680,,,20210922175901,cur
1H1OUCEMzAw,,,,,,,,,,,1632337152,,,20210922185901,cur
8lDQBr3RJDs,,,,,,,,,,,1632337156,,,20210922185901,cur
8X3HPjg73WE,,,,,,,,,,,1632337159,,,20210922185901,cur
Eecgb4lf-hA,,,,,,,,,,,1632337212,,,20210922185901,cur
0qxRZNU8y2k,,,,,,,,,,,1632337242,,,20210922185901,cur
8zAScdToWGk,,,,,,,,,,,1632337245,,,20210922185901,cur
5Qc1fTevYqA,,,,,,,,,,,1632337249,,,20210922185901,cur
KJ5Xo3NAUE0,,,,,,,,,,,1632337265,,,20210922185901,cur
1WuFaEiFQMI,,,,,,,,,,,1632337268,,,20210922185901,cur
kvR_JL5dlYw,,,,,,,,,,,1632337272,,,20210922185901,cur
6hf-nJz70GE,,,,,,,,,,,1632337275,,,20210922185901,cur
5yJP6ywCJ2I,,,,,,,,,,,1632337279,,,20210922185901,cur
dGCBu0z23xA,,,,,,,,,,,1632337295,,,20210922185901,cur
0FJK2DaHxxI,,,,,,,,,,,1632337312,,,20210922185901,cur
-jUxtUD71zc,,,,,,,,,,,1632337423,,,20210922185901,cur
lE1uxgDyDAY,,,,,,,,,,,1632337426,,,20210922185901,cur
1NLY87ZPdRw,,,,,,,,,,,1632337442,,,20210922185901,cur
Fi8RUxdkyZk,,,,,,,,,,,1632337459,,,20210922185901,cur
HGeMy9Z0vMg,,,,,,,,,,,1632337526,,,20210922185901,cur
dCTr_FIQtQ4,,,,,,,,,,,1632337529,,,20210922185901,cur
m0_7XdNbW0g,,,,,,,,,,,1632337584,,,20210922185901,cur
7uHgdv8Nv08,,,,,,,,,,,1632337621,,,20210922185901,cur
AuV31bAKsW0,,,,,,,,,,,1632337722,,,20210922185901,cur
lOL_eLkALHs,,,,,,,,,,,1632337725,,,20210922185901,cur
jOfswpTeYyA,,,,,,,,,,,1632337757,,,20210922185901,cur
5QDo28iV1A0,,,,,,,,,,,1632337760,,,20210922185901,cur
3HZoGGfottU,,,,,,,,,,,1632337763,,,20210922185901,cur
QNNbCFQ9sKw,,,,,,,,,,,1632337805,,,20210922185901,cur
SkVoqLyUOyQ,,,,,,,,,,,1632337808,,,20210922185901,cur
ACyY2UHj21Y,,,,,,,,,,,1632337811,,,20210922185901,cur
d_5zezksbA4,,,,,,,,,,,1632337815,,,20210922185901,cur
7WxpdqkFcAE,,,,,,,,,,,1632337834,,,20210922185901,cur
bdPi-Y9Ciy4,,,,,,,,,,,1632337837,,,20210922185901,cur
1YrN41YU-bE,,,,,,,,,,,1632337854,,,20210922185901,cur
b-QXIXJuZ1Y,,,,,,,,,,,1632337857,,,20210922185901,cur
GTkzQlkFBNA,,,,,,,,,,,1632337861,,,20210922185901,cur
c62aG_4PQHA,,,,,,,,,,,1632337902,,,20210922185901,cur
D_hp8t7kdpw,,,,,,,,,,,1632337905,,,20210922185901,cur
XmAoJsAC5x8,,,,,,,,,,,1632337936,,,20210922185901,cur
RRuJjkZxoAk,,,,,,,,,,,1632337940,,,20210922185901,cur
IB8-D140eZU,,,,,,,,,,,1632337969,,,20210922185901,cur
fcs2DtaYbFg,,,,,,,,,,,1632338006,,,20210922185901,cur
tq4BmMYpRoE,,,,,,,,,,,1632338025,,,20210922185901,cur
BgL4F6qVgMA,,,,,,,,,,,1632338046,,,20210922185901,cur
-4Rq-K-ysx8,,,,,,,,,,,1632338049,,,20210922185901,cur
yHwA7FH1WFA,,,,,,,,,,,1632338128,,,20210922185901,cur
55VSOVp-HRQ,,,,,,,,,,,1632338131,,,20210922185901,cur
1OsSNT9bzXk,,,,,,,,,,,1632338174,,,20210922185901,cur
2V2LryLph-4,,,,,,,,,,,1632338177,,,20210922185901,cur
0-R3EzR_edI,,,,,,,,,,,1632338180,,,20210922185901,cur
0AVjU2z-bHw,,,,,,,,,,,1632338197,,,20210922185901,cur
-eEm-JTqf5o,,,,,,,,,,,1632338200,,,20210922185901,cur
1sHP1EiQKQc,,,,,,,,,,,1632338204,,,20210922185901,cur
GfF_4Cl1Co0,,,,,,,,,,,1632338207,,,20210922185901,cur
3xbpSlSKOpI,,,,,,,,,,,1632338236,,,20210922185901,cur
lJzeZ5zAVY0,,,,,,,,,,,1632338265,,,20210922185901,cur
falVvhs3GGI,,,,,,,,,,,1632338282,,,20210922185901,cur
0lwcv0kuE8Y,,,,,,,,,,,1632338285,,,20210922185901,cur
9b3LoQePmsc,,,,,,,,,,,1632338288,,,20210922185901,cur
3YVMDEKqdv0,,,,,,,,,,,1632338306,,,20210922185901,cur
lIrMwee5Mxc,,,,,,,,,,,1632338325,,,20210922185901,cur
a9_u4NfxoCU,,,,,,,,,,,1632338370,,,20210922185901,cur
zstHRr2IKwk,,,,,,,,,,,1632338373,,,20210922185901,cur
5o2mvfNHf-M,,,,,,,,,,,1632338389,,,20210922185901,cur
BDD0J1ejEcg,,,,,,,,,,,1632338392,,,20210922185901,cur
-7Ivvgh7_Wo,,,,,,,,,,,1632338409,,,20210922185901,cur
jE1nhNSVtKw,,,,,,,,,,,1632338437,,,20210922185901,cur
0YhJcl0PO3U,,,,,,,,,,,1632338440,,,20210922185901,cur
SQqLqo_oBzQ,,,,,,,,,,,1632338457,,,20210922185901,cur
NwhbYby3Gug,,,,,,,,,,,1632338474,,,20210922185901,cur
31gpCcbklHw,,,,,,,,,,,1632338490,,,20210922185901,cur
2UxAWl18xug,,,,,,,,,,,1632338493,,,20210922185901,cur
-KagNMKlL5A,,,,,,,,,,,1632338510,,,20210922185901,cur
Rh5fZztAVxU,,,,,,,,,,,1632338513,,,20210922185901,cur
A01aQfBDkVQ,,,,,,,,,,,1632338516,,,20210922185901,cur
8rkvihifh2A,,,,,,,,,,,1632338520,,,20210922185901,cur
HQTvESUTO5M,,,,,,,,,,,1632338537,,,20210922185901,cur
9eacnfUnx1U,,,,,,,,,,,1632338540,,,20210922185901,cur
4dj_RAKAPRI,,,,,,,,,,,1632338569,,,20210922185901,cur
A7oSzgmNnpM,,,,,,,,,,,1632338572,,,20210922185901,cur
37GnrgPU_A8,,,,,,,,,,,1632338602,,,20210922185901,cur
fYqBwSoCkLs,,,,,,,,,,,1632338605,,,20210922185901,cur
-E9A_MgrajA,,,,,,,,,,,1632338609,,,20210922185901,cur
LdrvWFFEgy4,,,,,,,,,,,1632338620,,,20210922185901,cur
8-b-lHI7X4c,,,,,,,,,,,1632338623,,,20210922185901,cur
J0ROc1EcZp4,,,,,,,,,,,1632338652,,,20210922185901,cur
dsaYD_MMgaU,,,,,,,,,,,1632338655,,,20210922185901,cur
DgPIoBZD5DM,,,,,,,,,,,1632338694,,,20210922185901,cur
3YsJKg7b5Lc,,,,,,,,,,,1632338816,,,20210922185901,cur
aA9EGjGonsQ,,,,,,,,,,,1632338837,,,20210922185901,cur
5aWkCtyPM9s,,,,,,,,,,,1632338840,,,20210922185901,cur
RJts_juzgzM,,,,,,,,,,,1632338843,,,20210922185901,cur
eWs4PRyBOG0,,,,,,,,,,,1632338847,,,20210922185901,cur
ezw5g2S3888,,,,,,,,,,,1632338863,,,20210922185901,cur
c7SY0kW_ogo,,,,,,,,,,,1632338880,,,20210922185901,cur
5qIg1nfhpx4,,,,,,,,,,,1632338896,,,20210922185901,cur
AJRZkqYkJOM,,,,,,,,,,,1632338899,,,20210922185901,cur
2kipsmCorPg,,,,,,,,,,,1632338941,,,20210922185901,cur
alowAEaNWOc,,,,,,,,,,,1632338944,,,20210922185901,cur
AMUz8Ogmpe4,,,,,,,,,,,1632338974,,,20210922185901,cur
U4kFi3MVD2g,,,,,,,,,,,1632338990,,,20210922185901,cur
tLMvHBFwUmE,,,,,,,,,,,1632339006,,,20210922185901,cur
2_bBxDTvtSY,,,,,,,,,,,1632339009,,,20210922185901,cur
-La3UeMuoI4,,,,,,,,,,,1632339039,,,20210922185901,cur
1qqkRC0OEkE,,,,,,,,,,,1632339042,,,20210922185901,cur
GU46ma1MTwM,,,,,,,,,,,1632339099,,,20210922185901,cur
4o4MRk0MFE0,,,,,,,,,,,1632339114,,,20210922185901,cur
9Bd3JrlZ4kg,,,,,,,,,,,1632339143,,,20210922185901,cur
5HnYan7Wcx0,,,,,,,,,,,1632339146,,,20210922185901,cur
hcjdtmavHAs,,,,,,,,,,,1632339162,,,20210922185901,cur
d8b5GazayiY,,,,,,,,,,,1632339193,,,20210922185901,cur
Cn_NNk8ZN-A,,,,,,,,,,,1632339210,,,20210922185901,cur
bpyXGp0ejGM,,,,,,,,,,,1632339227,,,20210922185901,cur
jGjadW9j4XU,,,,,,,,,,,1632339230,,,20210922185901,cur
9kxSVJS6ahk,,,,,,,,,,,1632339247,,,20210922185901,cur
1FRZ3Igh7jU,,,,,,,,,,,1632339288,,,20210922185901,cur
26m7anC7HDM,,,,,,,,,,,1632340751,,,20210922195901,cur
33jWzVnVFEU,,,,,,,,,,,1632340780,,,20210922195901,cur